{
  "project_info": {
    "project_number": "478200152762",
    "firebase_url": "https://telainicial-73b22.firebaseio.com",
    "project_id": "telainicial-73b22",
    "storage_bucket": "telainicial-73b22.appspot.com"
  },
  "client": [
    {
      "client_info": {
        "mobilesdk_app_id": "1:478200152762:android:9ea277863eb6fa3c",
        "android_client_info": {
          "package_name": "com.example.tela_inicial"
        }
      },
      "oauth_client": [
        {
          "client_id": "478200152762-h2b2evuhfeq0h8p0jbkj7qjij7v77b75.apps.googleusercontent.com",
          "client_type": 1,
          "android_info": {
            "package_name": "com.example.tela_inicial",
            "certificate_hash": "44f2479a61ae4f73c360c40c4cf57dfd8de91bf2"
          }
        },
        {
          "client_id": "478200152762-hppf7f4ne6p7gnkmb73k1iavd5jms858.apps.googleusercontent.com",
          "client_type": 3
        }
      ],
      "api_key": [
        {
          "current_key": "AIzaSyCEOcUDDkH3dN1RsCOkn2mc4xxCqg_HoUw"
        }
      ],
      "services": {
        "appinvite_service": {
          "other_platform_oauth_client": [
            {
              "client_id": "478200152762-hppf7f4ne6p7gnkmb73k1iavd5jms858.apps.googleusercontent.com",
              "client_type": 3
            }
          ]
        }
      }
    }
  ],
  "configuration_version": "1"
}